source,mention_count,avg_priority,avg_semantic,avg_tiktok,max_engagement
legacy_reddit_pullpush,13985,0.18777870804433322,0.07130040781860754,0.41666070790132287,884.0
google_news_rss,10208,0.044047542613636366,0.05629084207268076,0.030490791536050155,0.0
gdelt_doc,78,0.04712792307692308,0.05895321904011977,0.035256410256410256,0.0
